group,name,role,affiliation,country,photo,email,bio,link
Managing Team,Dr Martyna Glodowska,CEO/CSO & Co-Founder,BioXtract,Netherlands,martyna-glodowska.jpg,,"An established researcher with extensive scientific expertise and a strong international network across academia and industry. She connects knowledge from different fields and translates scientific insight into innovative applications and process concepts, shaping BioXtract's technology and research strategy.",https://www.ru.nl/en/people/glodowska-m
Managing Team,Pieter van der Velden,CEO & Co-Founder,BioXtract,Netherlands,pieter-van-der-velden.jpg,,"A driven and well-organized leader with a background in biochemistry, currently completing his PhD. He combines scientific expertise with clear communication and a strong vision for the company, leading BioXtract's development and commercialization efforts.",https://www.ru.nl/en/people/velden-p-van-der
Managing Team,Dr Jessica Venetz,COO & Co-Founder,BioXtract,Netherlands,jessica-venetz.jpg,,"She gained a PhD at the intersection of multiple disciplines, giving her the ability to bridge scientific, technical and operational domains. A creative problem-solver who aligns stakeholders and drives the company's day-to-day operations and growth.",https://scholar.google.com/citations?user=Q8Lq658AAAAJ
R&D Team,Dr Suzanne Haaijer-Vroomen,Co-Lead R&D / Senior Researcher,BioXtract,Netherlands,suzanne-haaijer-vroomen.jpg,,"An experienced researcher with extensive practical expertise in laboratory operations and experimental development. She oversees laboratory organization, coordinates procurement and resource management, and trains new team members in methods and procedures.",https://www.ru.nl/en/people/haaijer-s
R&D Team,Dr Stian Torset,Co-Lead R&D / Postdoctoral Researcher,BioXtract,Netherlands,stian-torset.jpg,,A dedicated researcher with expertise in bioprospecting and the discovery of novel metabolic pathways. He identifies biological opportunities and translates fundamental discoveries into practical solutions for the company.,
R&D Team,Gabriela Mista,PhD Candidate,BioXtract,Netherlands,gabriela-mista.jpg,,"A careful and dedicated PhD researcher central to the execution and validation of experimental work. Rigorous attention to detail generates the reliable, reproducible data behind BioXtract's technology development.",
R&D Team,Daniel Wuehtrich,Student Assistant,BioXtract,Netherlands,daniel-wuehtrich.jpg,,"A hands-on student research assistant with a background in process engineering. He supports R&D through laboratory experiments and practical research tasks, bringing an engineering perspective to process optimization and scale-up.",
Valorization Support,Mansour Gilasgar,Market Research Lead,Radboud University,Netherlands,mansour-gilasgar.jpg,,"With a background in economics, he leads market research and commercial validation. He turns complex market intelligence into clear, actionable visualizations, bridging business strategy and technology development.",
Valorization Support,Dr Francisco Arjona Madueño,Senior Knowledge Transfer Officer,Radboud Innovation Science,Netherlands,francisco-arjona.jpg,,"Brings extensive experience in knowledge transfer and innovation commercialization, connecting academic research with real-world applications and providing guidance throughout the spinout process.",https://www.ru.nl/en/people/arjona-madueno-f
Valorization Support,Dr Annabel van Driel,Senior Grant Advisor,Radboud Innovation Science,Netherlands,annabel-van-driel.jpg,,"A supportive project manager who advances the venture through effective coordination and stakeholder engagement, aligning the interests of different parties and keeping innovation activities moving forward.",https://www.ru.nl/en/people/driel-a-van
Scientific Board,Dr James M. Byrne,,University of Bristol,United Kingdom,james-byrne.jpg,,"An expert in environmental mineralogy and geomicrobiology, especially iron biomineralization and the redox cycling of Fe(II)- and Fe(III)-bearing minerals. He has published on metal recovery using biominerals and specializes in Mössbauer spectroscopy.",https://www.bristol.ac.uk/people/person/James-Byrne-68bec5c1-9f51-4e8a-b4c6-c31dc8b41b65/
Scientific Board,Dr Bonnie McDevitt,,USGS,United States,bonnie-mcdevitt.jpg,,"Combines expertise in waste stream characterization, isotopic geochemistry and trace element recovery, providing strong applied experience for real-world recovery scenarios.",https://www.usgs.gov/staff-profiles/bonnie-mcdevitt
Scientific Board,Dr Anna Potysz,,University of Wrocław,Poland,anna-potysz.jpg,,"Brings extensive experience in geochemistry and microbial influences on metal-bearing rocks, mining slags and metal redox transformations, critical for understanding diverse waste matrices.",https://anna.potysz.ing.uni.wroc.pl/
Scientific Board,Dr Jeremiah Shuster,,University of Western Ontario,Canada,jeremiah-shuster.jpg,,"Focuses on microbial-metal interactions in natural and engineered settings, strengthening the project's microbiological and ecological dimensions.",https://www.uwo.ca/earth/people/faculty/Shuster.html
Scientific Board,Dr Lucian Staicu,,BGR (Federal Institute for Geosciences and Natural Resources),Germany,lucian-staicu.jpg,,"An expert in the anaerobic respiration of metalloid contaminants and biomineralization, particularly for elements such as arsenic and selenium, aligning closely with critical raw material recovery objectives.",https://staiculab.com/
Scientific Board,Dr Elizabeth J. Tomaszewski,,USGS,United States,elizabeth-tomaszewski.jpg,,"Specializes in geochemical transformations and spectroscopy, essential for a precise mechanistic understanding of metal redox behavior and elemental speciation in complex matrices.",https://www.usgs.gov/staff-profiles/elizabeth-j-tomaszewski
Advisory Board,Prof. Dr Henning Prommer,,University of Western Australia / Ekion,Australia,henning-prommer.jpg,,"A leader in reactive transport modeling, integrating chemical, biological and physical processes to predict metal mobility and guide process optimization. Co-founder of Ekion, which commercializes electrokinetic in-situ recovery (EK-ISR) of metals, including REEs.",https://research-repository.uwa.edu.au/en/persons/henning-prommer/
Advisory Board,Prof. Dr Mario Zarroca Hernandez,,Autonomous University of Barcelona,Spain,mario-zarroca.jpg,,"Specializes in environmental geology and hydrogeology, focusing on metal recovery and remediation of mining wastes, including acid mine drainage treatment. With 25 years of consulting experience and over 50 scientific papers, he bridges research and applied environmental innovation.",https://portalrecerca.uab.cat/en/persons/mario-zarroca-hernandez-3
